{
    "foo": 5.615710468382478,
    "bar": 5.25256019240138,
    "step": 5
}
