{
    "foo": 4.936633336063603,
    "bar": 4.711907136179949,
    "step": 4
}
