step	bar
0	0.5456964248741112
1	1.380598883667325
2	2.67318683746164
3	3.4076097046719247
4	4.711907136179949
