step	bar
0	0.836058797399172
1	1.8472123192917496
2	2.904234254093179
3	3.3541933889898794
4	4.855981886027061
5	5.25256019240138
