step	foo
0	0.4716454021324963
1	1.3376334547452549
2	2.441350881922772
3	3.989092866164587
4	4.936633336063603
