step	foo
0	0.17994345468570294
1	1.9780483782136709
2	2.7412826859907793
3	3.535516208167043
4	4.957808599759833
5	5.615710468382478
